,store,day_of_week,date,sales,customers,open,promo,state_holiday,school_holiday,promo2
45,46,5,2015-07-31,7628,775,1,1,0,0,1
1160,46,4,2015-07-30,7057,760,1,1,0,0,1
2275,46,3,2015-07-29,6955,716,1,1,0,0,1
3390,46,2,2015-07-28,6385,714,1,1,0,0,1
4505,46,1,2015-07-27,10068,896,1,1,0,0,1
5620,46,7,2015-07-26,0,0,0,0,0,0,1
6735,46,6,2015-07-25,5257,651,1,0,0,0,1
7850,46,5,2015-07-24,4902,602,1,0,0,0,1
8965,46,4,2015-07-23,4350,591,1,0,0,0,1
10080,46,3,2015-07-22,3651,498,1,0,0,0,1
11195,46,2,2015-07-21,3459,513,1,0,0,0,1
12310,46,1,2015-07-20,4225,583,1,0,0,0,1
13425,46,7,2015-07-19,0,0,0,0,0,0,1
14540,46,6,2015-07-18,3984,557,1,0,0,0,1
15655,46,5,2015-07-17,5013,638,1,1,0,0,1
16770,46,4,2015-07-16,4819,602,1,1,0,0,1
17885,46,3,2015-07-15,5216,635,1,1,0,0,1
19000,46,2,2015-07-14,5206,649,1,1,0,0,1
20115,46,1,2015-07-13,6109,727,1,1,0,0,1
21230,46,7,2015-07-12,0,0,0,0,0,0,1
22345,46,6,2015-07-11,5310,658,1,0,0,0,1
23460,46,5,2015-07-10,4457,605,1,0,0,0,1
24575,46,4,2015-07-09,4511,607,1,0,0,0,1
25690,46,3,2015-07-08,4299,595,1,0,0,0,1
26805,46,2,2015-07-07,3726,512,1,0,0,0,1
27920,46,1,2015-07-06,4494,627,1,0,0,0,1
29035,46,7,2015-07-05,0,0,0,0,0,0,1
30150,46,6,2015-07-04,4085,573,1,0,0,0,1
31265,46,5,2015-07-03,5239,624,1,1,0,0,1
32380,46,4,2015-07-02,4644,581,1,1,0,0,1
33495,46,3,2015-07-01,4733,582,1,1,0,0,1
34610,46,2,2015-06-30,8502,800,1,1,0,0,1
35725,46,1,2015-06-29,8621,784,1,1,0,0,1
36840,46,7,2015-06-28,0,0,0,0,0,0,1
37955,46,6,2015-06-27,5743,691,1,0,0,0,1
39070,46,5,2015-06-26,4618,578,1,0,0,0,1
40185,46,4,2015-06-25,4319,515,1,0,0,0,1
41300,46,3,2015-06-24,3469,511,1,0,0,0,1
42415,46,2,2015-06-23,4160,536,1,0,0,0,1
43530,46,1,2015-06-22,3792,528,1,0,0,0,1
44645,46,7,2015-06-21,0,0,0,0,0,0,1
45760,46,6,2015-06-20,4812,665,1,0,0,0,1
46875,46,5,2015-06-19,6473,710,1,1,0,0,1
47990,46,4,2015-06-18,5787,665,1,1,0,0,1
49105,46,3,2015-06-17,6353,673,1,1,0,0,1
50220,46,2,2015-06-16,6652,683,1,1,0,0,1
51335,46,1,2015-06-15,8239,828,1,1,0,0,1
52450,46,7,2015-06-14,0,0,0,0,0,0,1
53565,46,6,2015-06-13,4833,560,1,0,0,0,1
54680,46,5,2015-06-12,4295,567,1,0,0,0,1
55795,46,4,2015-06-11,4191,541,1,0,0,0,1
56910,46,3,2015-06-10,4188,517,1,0,0,0,1
58025,46,2,2015-06-09,3911,527,1,0,0,0,1
59140,46,1,2015-06-08,4388,568,1,0,0,0,1
60255,46,7,2015-06-07,0,0,0,0,0,0,1
61370,46,6,2015-06-06,4256,602,1,0,0,0,1
62485,46,5,2015-06-05,7410,851,1,1,0,1,1
63600,46,4,2015-06-04,0,0,0,1,a,1,1
64715,46,3,2015-06-03,7055,801,1,1,0,1,1
65830,46,2,2015-06-02,6849,718,1,1,0,1,1
66945,46,1,2015-06-01,8218,814,1,1,0,1,1
68060,46,7,2015-05-31,0,0,0,0,0,0,1
69175,46,6,2015-05-30,6246,751,1,0,0,0,1
70290,46,5,2015-05-29,4917,631,1,0,0,1,1
71405,46,4,2015-05-28,3967,532,1,0,0,1,1
72520,46,3,2015-05-27,4029,539,1,0,0,1,1
73635,46,2,2015-05-26,4665,619,1,0,0,1,1
74750,46,1,2015-05-25,0,0,0,0,a,0,1
75865,46,7,2015-05-24,0,0,0,0,0,0,1
76980,46,6,2015-05-23,5305,688,1,0,0,0,1
78095,46,5,2015-05-22,5699,694,1,1,0,0,1
79210,46,4,2015-05-21,6407,719,1,1,0,0,1
80325,46,3,2015-05-20,5900,638,1,1,0,0,1
81440,46,2,2015-05-19,6315,700,1,1,0,0,1
82555,46,1,2015-05-18,8220,801,1,1,0,0,1
83670,46,7,2015-05-17,0,0,0,0,0,0,1
84785,46,6,2015-05-16,4935,641,1,0,0,0,1
85900,46,5,2015-05-15,6045,762,1,0,0,0,1
87015,46,4,2015-05-14,0,0,0,0,a,0,1
88130,46,3,2015-05-13,4836,642,1,0,0,0,1
89245,46,2,2015-05-12,4240,544,1,0,0,0,1
90360,46,1,2015-05-11,3931,553,1,0,0,0,1
91475,46,7,2015-05-10,0,0,0,0,0,0,1
92590,46,6,2015-05-09,5919,721,1,0,0,0,1
93705,46,5,2015-05-08,6189,698,1,1,0,0,1
94820,46,4,2015-05-07,6173,705,1,1,0,0,1
95935,46,3,2015-05-06,6834,741,1,1,0,0,1
97050,46,2,2015-05-05,6038,666,1,1,0,0,1
98165,46,1,2015-05-04,8267,825,1,1,0,0,1
99280,46,7,2015-05-03,0,0,0,0,0,0,1
100395,46,6,2015-05-02,7170,854,1,0,0,0,1
101510,46,5,2015-05-01,0,0,0,1,a,0,1
102625,46,4,2015-04-30,8935,893,1,1,0,0,1
103740,46,3,2015-04-29,6339,711,1,1,0,0,1
104855,46,2,2015-04-28,7048,746,1,1,0,0,1
105970,46,1,2015-04-27,7298,746,1,1,0,0,1
107085,46,7,2015-04-26,0,0,0,0,0,0,1
108200,46,6,2015-04-25,4459,610,1,0,0,0,1
109315,46,5,2015-04-24,3893,549,1,0,0,0,1
110430,46,4,2015-04-23,4232,535,1,0,0,0,1
111545,46,3,2015-04-22,3747,512,1,0,0,0,1
112660,46,2,2015-04-21,3965,508,1,0,0,0,1
113775,46,1,2015-04-20,4193,539,1,0,0,0,1
114890,46,7,2015-04-19,0,0,0,0,0,0,1
116005,46,6,2015-04-18,5071,658,1,0,0,0,1
117120,46,5,2015-04-17,7301,759,1,1,0,0,1
118235,46,4,2015-04-16,6353,676,1,1,0,0,1
119350,46,3,2015-04-15,5643,581,1,1,0,0,1
120465,46,2,2015-04-14,6623,742,1,1,0,0,1
121580,46,1,2015-04-13,7864,807,1,1,0,0,1
122695,46,7,2015-04-12,0,0,0,0,0,0,1
123810,46,6,2015-04-11,4926,615,1,0,0,0,1
124925,46,5,2015-04-10,4560,578,1,0,0,1,1
126040,46,4,2015-04-09,3571,488,1,0,0,1,1
127155,46,3,2015-04-08,4005,539,1,0,0,1,1
128270,46,2,2015-04-07,5105,634,1,0,0,1,1
129385,46,1,2015-04-06,0,0,0,0,b,1,1
130500,46,7,2015-04-05,0,0,0,0,0,0,1
131615,46,6,2015-04-04,6864,930,1,0,0,0,1
132730,46,5,2015-04-03,0,0,0,1,b,1,1
133845,46,4,2015-04-02,8256,901,1,1,0,1,1
134960,46,3,2015-04-01,7431,783,1,1,0,1,1
136075,46,2,2015-03-31,8894,851,1,1,0,1,1
137190,46,1,2015-03-30,9558,882,1,1,0,1,1
138305,46,7,2015-03-29,0,0,0,0,0,0,1
139420,46,6,2015-03-28,5844,721,1,0,0,0,1
140535,46,5,2015-03-27,4836,610,1,0,0,0,1
141650,46,4,2015-03-26,3890,544,1,0,0,0,1
142765,46,3,2015-03-25,3775,513,1,0,0,0,1
143880,46,2,2015-03-24,3545,497,1,0,0,0,1
144995,46,1,2015-03-23,4397,592,1,0,0,0,1
146110,46,7,2015-03-22,0,0,0,0,0,0,1
147225,46,6,2015-03-21,5413,678,1,0,0,0,1
148340,46,5,2015-03-20,5785,726,1,1,0,0,1
149455,46,4,2015-03-19,5632,667,1,1,0,0,1
150570,46,3,2015-03-18,4938,614,1,1,0,0,1
151685,46,2,2015-03-17,6451,729,1,1,0,0,1
152800,46,1,2015-03-16,7831,827,1,1,0,0,1
153915,46,7,2015-03-15,0,0,0,0,0,0,1
155030,46,6,2015-03-14,5017,675,1,0,0,0,1
156145,46,5,2015-03-13,4822,608,1,0,0,0,1
157260,46,4,2015-03-12,4080,554,1,0,0,0,1
158375,46,3,2015-03-11,3682,520,1,0,0,0,1
159490,46,2,2015-03-10,3719,527,1,0,0,0,1
160605,46,1,2015-03-09,3837,525,1,0,0,0,1
161720,46,7,2015-03-08,0,0,0,0,0,0,1
162835,46,6,2015-03-07,5281,662,1,0,0,0,1
163950,46,5,2015-03-06,6132,759,1,1,0,0,1
165065,46,4,2015-03-05,5195,617,1,1,0,0,1
166180,46,3,2015-03-04,5999,636,1,1,0,0,1
167295,46,2,2015-03-03,6398,712,1,1,0,0,1
168410,46,1,2015-03-02,8264,862,1,1,0,0,1
169525,46,7,2015-03-01,0,0,0,0,0,0,1
170640,46,6,2015-02-28,5198,693,1,0,0,0,1
171755,46,5,2015-02-27,4536,626,1,0,0,0,1
172870,46,4,2015-02-26,4164,554,1,0,0,0,1
173985,46,3,2015-02-25,3654,491,1,0,0,0,1
175100,46,2,2015-02-24,3457,512,1,0,0,0,1
176215,46,1,2015-02-23,3813,562,1,0,0,0,1
177330,46,7,2015-02-22,0,0,0,0,0,0,1
178445,46,6,2015-02-21,4360,642,1,0,0,0,1
179560,46,5,2015-02-20,6524,732,1,1,0,1,1
180675,46,4,2015-02-19,5231,637,1,1,0,1,1
181790,46,3,2015-02-18,5427,592,1,1,0,1,1
182905,46,2,2015-02-17,5572,625,1,1,0,1,1
184020,46,1,2015-02-16,8112,829,1,1,0,1,1
185135,46,7,2015-02-15,0,0,0,0,0,0,1
186250,46,6,2015-02-14,5106,678,1,0,0,0,1
187365,46,5,2015-02-13,4946,645,1,0,0,0,1
188480,46,4,2015-02-12,3697,549,1,0,0,0,1
189595,46,3,2015-02-11,3841,523,1,0,0,0,1
190710,46,2,2015-02-10,4072,531,1,0,0,0,1
191825,46,1,2015-02-09,3730,564,1,0,0,0,1
192940,46,7,2015-02-08,0,0,0,0,0,0,1
194055,46,6,2015-02-07,4935,668,1,0,0,0,1
195170,46,5,2015-02-06,7618,732,1,1,0,0,1
196285,46,4,2015-02-05,5426,710,1,1,0,0,1
197400,46,3,2015-02-04,6003,666,1,1,0,0,1
198515,46,2,2015-02-03,6374,748,1,1,0,0,1
199630,46,1,2015-02-02,7425,812,1,1,0,0,1
200745,46,7,2015-02-01,0,0,0,0,0,0,1
201860,46,6,2015-01-31,5593,693,1,0,0,0,1
202975,46,5,2015-01-30,6686,721,1,1,0,0,1
204090,46,4,2015-01-29,6152,688,1,1,0,0,1
205205,46,3,2015-01-28,6158,662,1,1,0,0,1
206320,46,2,2015-01-27,5744,666,1,1,0,0,1
207435,46,1,2015-01-26,7274,794,1,1,0,0,1
208550,46,7,2015-01-25,0,0,0,0,0,0,1
209665,46,6,2015-01-24,5097,662,1,0,0,0,1
210780,46,5,2015-01-23,4036,573,1,0,0,0,1
211895,46,4,2015-01-22,3827,515,1,0,0,0,1
213010,46,3,2015-01-21,3410,501,1,0,0,0,1
214125,46,2,2015-01-20,3514,504,1,0,0,0,1
215240,46,1,2015-01-19,4074,560,1,0,0,0,1
216355,46,7,2015-01-18,0,0,0,0,0,0,1
217470,46,6,2015-01-17,4812,666,1,0,0,0,1
218585,46,5,2015-01-16,6538,714,1,1,0,0,1
219700,46,4,2015-01-15,6237,714,1,1,0,0,1
220815,46,3,2015-01-14,5427,634,1,1,0,0,1
221930,46,2,2015-01-13,6605,724,1,1,0,0,1
223045,46,1,2015-01-12,7748,800,1,1,0,0,1
224160,46,7,2015-01-11,0,0,0,0,0,0,1
225275,46,6,2015-01-10,5349,689,1,0,0,0,1
226390,46,5,2015-01-09,6255,738,1,1,0,0,1
227505,46,4,2015-01-08,5376,739,1,1,0,0,1
228620,46,3,2015-01-07,6619,781,1,1,0,0,1
229735,46,2,2015-01-06,0,0,0,1,a,0,1
230850,46,1,2015-01-05,7600,909,1,1,0,1,1
231965,46,7,2015-01-04,0,0,0,0,0,0,1
233080,46,6,2015-01-03,4758,625,1,0,0,0,1
234195,46,5,2015-01-02,4147,615,1,0,0,1,1
235310,46,4,2015-01-01,0,0,0,0,a,1,1
408465,46,1,2014-06-30,11673,1092,1,1,0,0,1
409580,46,7,2014-06-29,0,0,0,0,0,0,1
410695,46,6,2014-06-28,5509,712,1,0,0,0,1
411810,46,5,2014-06-27,4918,606,1,0,0,0,1
412925,46,4,2014-06-26,3323,488,1,0,0,0,1
414040,46,3,2014-06-25,3344,500,1,0,0,0,1
415155,46,2,2014-06-24,3812,563,1,0,0,0,1
416270,46,1,2014-06-23,3991,604,1,0,0,0,1
417385,46,7,2014-06-22,0,0,0,0,0,0,1
418500,46,6,2014-06-21,4351,637,1,0,0,0,1
419615,46,5,2014-06-20,7983,902,1,1,0,1,1
420730,46,4,2014-06-19,0,0,0,1,a,1,1
421845,46,3,2014-06-18,6938,800,1,1,0,1,1
422960,46,2,2014-06-17,6858,753,1,1,0,1,1
424075,46,1,2014-06-16,8821,863,1,1,0,1,1
425190,46,7,2014-06-15,0,0,0,0,0,0,1
426305,46,6,2014-06-14,5048,654,1,0,0,0,1
427420,46,5,2014-06-13,4491,571,1,0,0,1,1
428535,46,4,2014-06-12,4318,555,1,0,0,1,1
429650,46,3,2014-06-11,3966,526,1,0,0,1,1
430765,46,2,2014-06-10,4549,589,1,0,0,1,1
431880,46,1,2014-06-09,0,0,0,0,a,0,1
432995,46,7,2014-06-08,0,0,0,0,0,0,1
434110,46,6,2014-06-07,5704,708,1,0,0,0,1
435225,46,5,2014-06-06,6071,718,1,1,0,0,1
436340,46,4,2014-06-05,6134,709,1,1,0,0,1
437455,46,3,2014-06-04,6538,697,1,1,0,0,1
438570,46,2,2014-06-03,7193,737,1,1,0,0,1
439685,46,1,2014-06-02,9397,917,1,1,0,0,1
440800,46,7,2014-06-01,0,0,0,0,0,0,1
441915,46,6,2014-05-31,4938,627,1,0,0,0,1
443030,46,5,2014-05-30,7146,817,1,0,0,0,1
444145,46,4,2014-05-29,0,0,0,0,a,0,1
445260,46,3,2014-05-28,5286,681,1,0,0,0,1
446375,46,2,2014-05-27,3892,512,1,0,0,0,1
447490,46,1,2014-05-26,3614,533,1,0,0,0,1
448605,46,7,2014-05-25,0,0,0,0,0,0,1
449720,46,6,2014-05-24,4419,656,1,0,0,0,1
450835,46,5,2014-05-23,6513,744,1,1,0,0,1
451950,46,4,2014-05-22,5436,635,1,1,0,0,1
453065,46,3,2014-05-21,5088,611,1,1,0,0,1
454180,46,2,2014-05-20,5267,642,1,1,0,0,1
455295,46,1,2014-05-19,7708,791,1,1,0,0,1
456410,46,7,2014-05-18,0,0,0,0,0,0,1
457525,46,6,2014-05-17,5812,722,1,0,0,0,1
458640,46,5,2014-05-16,4061,573,1,0,0,0,1
459755,46,4,2014-05-15,3945,554,1,0,0,0,1
460870,46,3,2014-05-14,4145,576,1,0,0,0,1
461985,46,2,2014-05-13,3828,560,1,0,0,0,1
463100,46,1,2014-05-12,3862,550,1,0,0,0,1
464215,46,7,2014-05-11,0,0,0,0,0,0,1
465330,46,6,2014-05-10,5209,694,1,0,0,0,1
466445,46,5,2014-05-09,6934,766,1,1,0,0,1
467560,46,4,2014-05-08,5726,701,1,1,0,0,1
468675,46,3,2014-05-07,6605,743,1,1,0,0,1
469790,46,2,2014-05-06,6421,746,1,1,0,0,1
470905,46,1,2014-05-05,8539,875,1,1,0,0,1
472020,46,7,2014-05-04,0,0,0,0,0,0,1
473135,46,6,2014-05-03,5324,719,1,0,0,0,1
474250,46,5,2014-05-02,9165,996,1,1,0,0,1
475365,46,4,2014-05-01,0,0,0,1,a,0,1
476480,46,3,2014-04-30,7177,875,1,1,0,0,1
477595,46,2,2014-04-29,6983,765,1,1,0,0,1
478710,46,1,2014-04-28,8824,881,1,1,0,0,1
479825,46,7,2014-04-27,0,0,0,0,0,0,1
480940,46,6,2014-04-26,4591,630,1,0,0,0,1
482055,46,5,2014-04-25,4218,568,1,0,0,1,1
483170,46,4,2014-04-24,3613,484,1,0,0,1,1
484285,46,3,2014-04-23,3529,491,1,0,0,1,1
485400,46,2,2014-04-22,4089,589,1,0,0,1,1
486515,46,1,2014-04-21,0,0,0,0,b,1,1
487630,46,7,2014-04-20,0,0,0,0,0,0,1
488745,46,6,2014-04-19,5973,848,1,0,0,0,1
489860,46,5,2014-04-18,0,0,0,1,b,1,1
490975,46,4,2014-04-17,7161,909,1,1,0,1,1
492090,46,3,2014-04-16,7057,831,1,1,0,1,1
493205,46,2,2014-04-15,8754,904,1,1,0,1,1
494320,46,1,2014-04-14,9206,871,1,1,0,1,1
495435,46,7,2014-04-13,0,0,0,0,0,0,1
496550,46,6,2014-04-12,4773,671,1,0,0,0,1
497665,46,5,2014-04-11,4467,629,1,0,0,0,1
498780,46,4,2014-04-10,3939,585,1,0,0,0,1
499895,46,3,2014-04-09,3823,550,1,0,0,0,1
501010,46,2,2014-04-08,4281,561,1,0,0,0,1
502125,46,1,2014-04-07,3465,543,1,0,0,0,1
503240,46,7,2014-04-06,0,0,0,0,0,0,1
504355,46,6,2014-04-05,5095,689,1,0,0,0,1
505470,46,5,2014-04-04,6323,719,1,1,0,0,1
506585,46,4,2014-04-03,5799,698,1,1,0,0,1
507700,46,3,2014-04-02,5663,620,1,1,0,0,1
508815,46,2,2014-04-01,5653,672,1,1,0,0,1
509930,46,1,2014-03-31,12250,1029,1,1,0,0,1
511045,46,7,2014-03-30,0,0,0,0,0,0,1
512160,46,6,2014-03-29,4906,668,1,0,0,0,1
513275,46,5,2014-03-28,4760,619,1,0,0,0,1
514390,46,4,2014-03-27,3747,528,1,0,0,0,1
515505,46,3,2014-03-26,3565,505,1,0,0,0,1
516620,46,2,2014-03-25,3760,530,1,0,0,0,1
517735,46,1,2014-03-24,3763,512,1,0,0,0,1
518850,46,7,2014-03-23,0,0,0,0,0,0,1
519965,46,6,2014-03-22,4762,660,1,0,0,0,1
521080,46,5,2014-03-21,5491,673,1,1,0,0,1
522195,46,4,2014-03-20,5280,637,1,1,0,0,1
523310,46,3,2014-03-19,6305,678,1,1,0,0,1
524425,46,2,2014-03-18,6392,724,1,1,0,0,1
525540,46,1,2014-03-17,8331,848,1,1,0,0,1
526655,46,7,2014-03-16,0,0,0,0,0,0,1
527770,46,6,2014-03-15,4874,688,1,0,0,0,1
528885,46,5,2014-03-14,3395,534,1,0,0,0,1
530000,46,4,2014-03-13,3440,493,1,0,0,0,1
531115,46,3,2014-03-12,3599,517,1,0,0,0,1
532230,46,2,2014-03-11,3457,513,1,0,0,0,1
533345,46,1,2014-03-10,3408,526,1,0,0,0,1
534460,46,7,2014-03-09,0,0,0,0,0,0,1
535575,46,6,2014-03-08,4798,651,1,0,0,0,1
536690,46,5,2014-03-07,6219,769,1,1,0,1,1
537805,46,4,2014-03-06,6276,697,1,1,0,1,1
538920,46,3,2014-03-05,6019,727,1,1,0,1,1
540035,46,2,2014-03-04,6289,716,1,1,0,1,1
541150,46,1,2014-03-03,10195,940,1,1,0,1,1
542265,46,7,2014-03-02,0,0,0,0,0,0,1
543380,46,6,2014-03-01,5469,710,1,0,0,0,1
544495,46,5,2014-02-28,4659,589,1,0,0,0,1
545610,46,4,2014-02-27,4034,545,1,0,0,0,1
546725,46,3,2014-02-26,3269,486,1,0,0,0,1
547840,46,2,2014-02-25,3338,502,1,0,0,0,1
548955,46,1,2014-02-24,3528,513,1,0,0,0,1
550070,46,7,2014-02-23,0,0,0,0,0,0,1
551185,46,6,2014-02-22,4154,619,1,0,0,0,1
552300,46,5,2014-02-21,5562,682,1,1,0,0,1
553415,46,4,2014-02-20,5099,668,1,1,0,0,1
554530,46,3,2014-02-19,5448,651,1,1,0,0,1
555645,46,2,2014-02-18,6403,719,1,1,0,0,1
556760,46,1,2014-02-17,7815,817,1,1,0,0,1
557875,46,7,2014-02-16,0,0,0,0,0,0,1
558990,46,6,2014-02-15,5003,655,1,0,0,0,1
560105,46,5,2014-02-14,4432,620,1,0,0,0,1
561220,46,4,2014-02-13,3959,573,1,0,0,0,1
562335,46,3,2014-02-12,3324,507,1,0,0,0,1
563450,46,2,2014-02-11,3400,534,1,0,0,0,1
564565,46,1,2014-02-10,4048,573,1,0,0,0,1
565680,46,7,2014-02-09,0,0,0,0,0,0,1
566795,46,6,2014-02-08,5084,683,1,0,0,0,1
567910,46,5,2014-02-07,5637,716,1,1,0,0,1
569025,46,4,2014-02-06,6249,728,1,1,0,0,1
570140,46,3,2014-02-05,6398,743,1,1,0,0,1
571255,46,2,2014-02-04,7064,754,1,1,0,0,1
572370,46,1,2014-02-03,9462,916,1,1,0,0,1
573485,46,7,2014-02-02,0,0,0,0,0,0,1
574600,46,6,2014-02-01,4930,702,1,0,0,0,1
575715,46,5,2014-01-31,5311,667,1,0,0,0,1
576830,46,4,2014-01-30,3490,516,1,0,0,0,1
577945,46,3,2014-01-29,3449,495,1,0,0,0,1
579060,46,2,2014-01-28,3322,491,1,0,0,0,1
580175,46,1,2014-01-27,3117,497,1,0,0,0,1
581290,46,7,2014-01-26,0,0,0,0,0,0,1
582405,46,6,2014-01-25,4376,624,1,0,0,0,1
583520,46,5,2014-01-24,5869,719,1,1,0,0,1
584635,46,4,2014-01-23,5321,682,1,1,0,0,1
585750,46,3,2014-01-22,6079,694,1,1,0,0,1
586865,46,2,2014-01-21,6495,748,1,1,0,0,1
587980,46,1,2014-01-20,8793,882,1,1,0,0,1
589095,46,7,2014-01-19,0,0,0,0,0,0,1
590210,46,6,2014-01-18,5068,693,1,0,0,0,1
591325,46,5,2014-01-17,3994,600,1,0,0,0,1
592440,46,4,2014-01-16,3287,513,1,0,0,0,1
593555,46,3,2014-01-15,3815,531,1,0,0,0,1
594670,46,2,2014-01-14,3234,477,1,0,0,0,1
595785,46,1,2014-01-13,3662,546,1,0,0,0,1
596900,46,7,2014-01-12,0,0,0,0,0,0,1
598015,46,6,2014-01-11,4827,670,1,0,0,0,1
599130,46,5,2014-01-10,6641,744,1,1,0,0,1
600245,46,4,2014-01-09,6599,766,1,1,0,0,1
601360,46,3,2014-01-08,6745,772,1,1,0,0,1
602475,46,2,2014-01-07,10052,1035,1,1,0,0,1
603590,46,1,2014-01-06,0,0,0,1,a,0,1
604705,46,7,2014-01-05,0,0,0,0,0,0,1
605820,46,6,2014-01-04,5105,703,1,0,0,0,1
606935,46,5,2014-01-03,4300,576,1,0,0,1,1
608050,46,4,2014-01-02,4185,630,1,0,0,1,1
609165,46,3,2014-01-01,0,0,0,0,a,1,1
610280,46,2,2013-12-31,4175,564,1,0,0,1,1
611395,46,1,2013-12-30,7652,937,1,0,0,1,1
612510,46,7,2013-12-29,0,0,0,0,0,0,1
613625,46,6,2013-12-28,5814,738,1,0,0,0,1
614740,46,5,2013-12-27,5999,761,1,0,0,1,1
615855,46,4,2013-12-26,0,0,0,0,c,1,1
616970,46,3,2013-12-25,0,0,0,0,c,1,1
618085,46,2,2013-12-24,3397,468,1,0,0,1,1
619200,46,1,2013-12-23,8358,1082,1,0,0,1,1
620315,46,7,2013-12-22,0,0,0,0,0,0,1
621430,46,6,2013-12-21,8357,961,1,0,0,0,1
622545,46,5,2013-12-20,8651,946,1,1,0,0,1
623660,46,4,2013-12-19,8272,936,1,1,0,0,1
624775,46,3,2013-12-18,9073,870,1,1,0,0,1
625890,46,2,2013-12-17,9064,934,1,1,0,0,1
627005,46,1,2013-12-16,11652,1076,1,1,0,0,1
628120,46,7,2013-12-15,0,0,0,0,0,0,1
629235,46,6,2013-12-14,6381,791,1,0,0,0,1
630350,46,5,2013-12-13,5480,671,1,0,0,0,1
631465,46,4,2013-12-12,4349,563,1,0,0,0,1
632580,46,3,2013-12-11,4463,559,1,0,0,0,1
633695,46,2,2013-12-10,4269,595,1,0,0,0,1
634810,46,1,2013-12-09,4512,625,1,0,0,0,1
635925,46,7,2013-12-08,0,0,0,0,0,0,1
637040,46,6,2013-12-07,6102,764,1,0,0,0,1
638155,46,5,2013-12-06,6531,757,1,1,0,0,1
639270,46,4,2013-12-05,7372,802,1,1,0,0,1
640385,46,3,2013-12-04,6562,719,1,1,0,0,1
641500,46,2,2013-12-03,7546,834,1,1,0,0,1
642615,46,1,2013-12-02,9547,943,1,1,0,0,1
643730,46,7,2013-12-01,0,0,0,0,0,0,1
644845,46,6,2013-11-30,5791,758,1,0,0,0,1
645960,46,5,2013-11-29,4834,689,1,0,0,0,1
647075,46,4,2013-11-28,4236,560,1,0,0,0,1
648190,46,3,2013-11-27,3571,562,1,0,0,0,1
649305,46,2,2013-11-26,3613,517,1,0,0,0,1
650420,46,1,2013-11-25,4242,598,1,0,0,0,1
651535,46,7,2013-11-24,0,0,0,0,0,0,1
652650,46,6,2013-11-23,4904,687,1,0,0,0,1
653765,46,5,2013-11-22,5545,732,1,1,0,0,1
654880,46,4,2013-11-21,5961,678,1,1,0,0,1
655995,46,3,2013-11-20,5495,682,1,1,0,0,1
657110,46,2,2013-11-19,6481,707,1,1,0,0,1
658225,46,1,2013-11-18,8721,879,1,1,0,0,1
659340,46,7,2013-11-17,0,0,0,0,0,0,1
660455,46,6,2013-11-16,5739,732,1,0,0,0,1
661570,46,5,2013-11-15,3906,599,1,0,0,0,1
662685,46,4,2013-11-14,3679,526,1,0,0,0,1
663800,46,3,2013-11-13,3646,521,1,0,0,0,1
664915,46,2,2013-11-12,3590,529,1,0,0,0,1
666030,46,1,2013-11-11,3507,541,1,0,0,0,1
667145,46,7,2013-11-10,0,0,0,0,0,0,1
668260,46,6,2013-11-09,5136,694,1,0,0,0,1
669375,46,5,2013-11-08,6013,707,1,1,0,0,1
670490,46,4,2013-11-07,5595,697,1,1,0,0,1
671605,46,3,2013-11-06,5618,672,1,1,0,0,1
672720,46,2,2013-11-05,6339,726,1,1,0,0,1
673835,46,1,2013-11-04,9002,900,1,1,0,0,1
674950,46,7,2013-11-03,0,0,0,0,0,0,1
676065,46,6,2013-11-02,6606,866,1,0,0,0,1
677180,46,5,2013-11-01,0,0,0,0,a,0,1
678295,46,4,2013-10-31,5559,748,1,0,0,1,1
679410,46,3,2013-10-30,4622,595,1,0,0,1,1
680525,46,2,2013-10-29,3642,526,1,0,0,1,1
681640,46,1,2013-10-28,4083,560,1,0,0,1,1
682755,46,7,2013-10-27,0,0,0,0,0,0,1
683870,46,6,2013-10-26,4735,652,1,0,0,0,1
684985,46,5,2013-10-25,6202,765,1,1,0,0,1
686100,46,4,2013-10-24,5906,672,1,1,0,0,1
687215,46,3,2013-10-23,6410,685,1,1,0,0,1
688330,46,2,2013-10-22,5587,643,1,1,0,0,1
689445,46,1,2013-10-21,7629,813,1,1,0,0,1
690560,46,7,2013-10-20,0,0,0,0,0,0,1
691675,46,6,2013-10-19,5209,671,1,0,0,0,1
692790,46,5,2013-10-18,4020,597,1,0,0,0,1
693905,46,4,2013-10-17,3692,522,1,0,0,0,1
695020,46,3,2013-10-16,3708,512,1,0,0,0,1
696135,46,2,2013-10-15,3692,508,1,0,0,0,1
697250,46,1,2013-10-14,3780,538,1,0,0,0,1
698365,46,7,2013-10-13,0,0,0,0,0,0,1
699480,46,6,2013-10-12,5486,734,1,0,0,0,1
700595,46,5,2013-10-11,6716,804,1,1,0,0,1
701710,46,4,2013-10-10,5846,676,1,1,0,0,1
702825,46,3,2013-10-09,5515,653,1,1,0,0,1
703940,46,2,2013-10-08,6653,741,1,1,0,0,1
705055,46,1,2013-10-07,8247,859,1,1,0,0,1
706170,46,7,2013-10-06,0,0,0,0,0,0,1
707285,46,6,2013-10-05,5000,694,1,0,0,0,1
708400,46,5,2013-10-04,5215,713,1,0,0,0,1
709515,46,4,2013-10-03,0,0,0,0,a,0,1
710630,46,3,2013-10-02,4242,618,1,0,0,0,1
711745,46,2,2013-10-01,4185,575,1,0,0,0,1
712860,46,1,2013-09-30,5222,686,1,0,0,0,1
713975,46,7,2013-09-29,0,0,0,0,0,0,1
715090,46,6,2013-09-28,5433,718,1,0,0,0,1
716205,46,5,2013-09-27,6310,711,1,1,0,0,1
717320,46,4,2013-09-26,5786,695,1,1,0,0,1
718435,46,3,2013-09-25,4985,612,1,1,0,0,1
719550,46,2,2013-09-24,5351,636,1,1,0,0,1
720665,46,1,2013-09-23,7126,823,1,1,0,0,1
721780,46,7,2013-09-22,0,0,0,0,0,0,1
722895,46,6,2013-09-21,4439,644,1,0,0,0,1
724010,46,5,2013-09-20,3739,556,1,0,0,0,1
725125,46,4,2013-09-19,3776,517,1,0,0,0,1
726240,46,3,2013-09-18,3226,511,1,0,0,0,1
727355,46,2,2013-09-17,3855,522,1,0,0,0,1
728470,46,1,2013-09-16,3453,539,1,0,0,0,1
729585,46,7,2013-09-15,0,0,0,0,0,0,1
730700,46,6,2013-09-14,4160,650,1,0,0,0,1
731815,46,5,2013-09-13,5531,748,1,1,0,0,1
732930,46,4,2013-09-12,5008,658,1,1,0,0,1
734045,46,3,2013-09-11,6043,684,1,1,0,1,1
735160,46,2,2013-09-10,6381,716,1,1,0,1,1
736275,46,1,2013-09-09,8968,882,1,1,0,1,1
737390,46,7,2013-09-08,0,0,0,0,0,0,1
738505,46,6,2013-09-07,4102,610,1,0,0,0,1
739620,46,5,2013-09-06,3588,489,1,0,0,1,1
740735,46,4,2013-09-05,3088,438,1,0,0,1,1
741850,46,3,2013-09-04,3343,456,1,0,0,1,1
742965,46,2,2013-09-03,3497,504,1,0,0,1,1
744080,46,1,2013-09-02,4043,559,1,0,0,1,1
745195,46,7,2013-09-01,0,0,0,0,0,0,1
746310,46,6,2013-08-31,4894,641,1,0,0,0,1
747425,46,5,2013-08-30,5731,697,1,1,0,1,1
748540,46,4,2013-08-29,5543,611,1,1,0,1,1
749655,46,3,2013-08-28,5569,657,1,1,0,1,1
750770,46,2,2013-08-27,5868,641,1,1,0,1,1
751885,46,1,2013-08-26,7723,829,1,1,0,1,1
753000,46,7,2013-08-25,0,0,0,0,0,0,1
754115,46,6,2013-08-24,3826,517,1,0,0,0,1
755230,46,5,2013-08-23,3769,521,1,0,0,1,1
756345,46,4,2013-08-22,3326,468,1,0,0,1,1
757460,46,3,2013-08-21,3526,491,1,0,0,1,1
758575,46,2,2013-08-20,3670,515,1,0,0,1,1
759690,46,1,2013-08-19,4328,572,1,0,0,1,1
760805,46,7,2013-08-18,0,0,0,0,0,0,1
761920,46,6,2013-08-17,3665,536,1,0,0,0,1
763035,46,5,2013-08-16,6820,832,1,1,0,1,1
764150,46,4,2013-08-15,0,0,0,1,a,1,1
765265,46,3,2013-08-14,6632,773,1,1,0,1,1
766380,46,2,2013-08-13,6632,737,1,1,0,1,1
767495,46,1,2013-08-12,8731,905,1,1,0,1,1
768610,46,7,2013-08-11,0,0,0,0,0,0,1
769725,46,6,2013-08-10,4581,625,1,0,0,0,1
770840,46,5,2013-08-09,4259,598,1,0,0,1,1
771955,46,4,2013-08-08,3814,548,1,0,0,1,1
773070,46,3,2013-08-07,4070,565,1,0,0,1,1
774185,46,2,2013-08-06,3067,521,1,0,0,1,1
775300,46,1,2013-08-05,3872,527,1,0,0,1,1
776415,46,7,2013-08-04,0,0,0,0,0,0,1
777530,46,6,2013-08-03,4698,668,1,0,0,0,1
778645,46,5,2013-08-02,5896,705,1,1,0,1,1
779760,46,4,2013-08-01,6178,717,1,1,0,1,1
780875,46,3,2013-07-31,6865,756,1,1,0,1,1
781990,46,2,2013-07-30,7464,815,1,1,0,0,1
783105,46,1,2013-07-29,7953,868,1,1,0,0,1
784220,46,7,2013-07-28,0,0,0,0,0,0,1
785335,46,6,2013-07-27,4280,599,1,0,0,0,1
786450,46,5,2013-07-26,4106,555,1,0,0,0,1
787565,46,4,2013-07-25,3758,523,1,0,0,0,1
788680,46,3,2013-07-24,3887,537,1,0,0,0,1
789795,46,2,2013-07-23,2882,468,1,0,0,0,1
790910,46,1,2013-07-22,3926,545,1,0,0,0,1
792025,46,7,2013-07-21,0,0,0,0,0,0,1
793140,46,6,2013-07-20,4276,619,1,0,0,0,1
794255,46,5,2013-07-19,5844,708,1,1,0,0,1
795370,46,4,2013-07-18,5781,714,1,1,0,0,1
796485,46,3,2013-07-17,5579,686,1,1,0,0,1
797600,46,2,2013-07-16,6157,690,1,1,0,0,1
798715,46,1,2013-07-15,9368,910,1,1,0,0,1
799830,46,7,2013-07-14,0,0,0,0,0,0,1
800945,46,6,2013-07-13,4530,614,1,0,0,0,1
802060,46,5,2013-07-12,3988,575,1,0,0,0,1
803175,46,4,2013-07-11,3983,514,1,0,0,0,1
804290,46,3,2013-07-10,3968,530,1,0,0,0,1
805405,46,2,2013-07-09,3434,479,1,0,0,0,1
806520,46,1,2013-07-08,3417,548,1,0,0,0,1
807635,46,7,2013-07-07,0,0,0,0,0,0,1
808750,46,6,2013-07-06,4574,609,1,0,0,0,1
809865,46,5,2013-07-05,5767,713,1,1,0,0,1
810980,46,4,2013-07-04,5652,684,1,1,0,0,1
812095,46,3,2013-07-03,6463,683,1,1,0,0,1
813210,46,2,2013-07-02,5146,625,1,1,0,0,1
814325,46,1,2013-07-01,6167,717,1,1,0,0,1
815440,46,7,2013-06-30,0,0,0,0,0,0,1
816555,46,6,2013-06-29,6414,749,1,0,0,0,1
817670,46,5,2013-06-28,5445,666,1,0,0,0,1
818785,46,4,2013-06-27,4044,528,1,0,0,0,1
819900,46,3,2013-06-26,3940,550,1,0,0,0,1
821015,46,2,2013-06-25,3484,517,1,0,0,0,1
822130,46,1,2013-06-24,4169,566,1,0,0,0,1
823245,46,7,2013-06-23,0,0,0,0,0,0,1
824360,46,6,2013-06-22,4598,635,1,0,0,0,1
825475,46,5,2013-06-21,6012,705,1,1,0,0,1
826590,46,4,2013-06-20,5030,621,1,1,0,0,1
827705,46,3,2013-06-19,4656,593,1,1,0,0,1
828820,46,2,2013-06-18,5380,630,1,1,0,0,1
829935,46,1,2013-06-17,7276,787,1,1,0,0,1
831050,46,7,2013-06-16,0,0,0,0,0,0,1
832165,46,6,2013-06-15,4231,608,1,0,0,0,1
833280,46,5,2013-06-14,4362,631,1,0,0,0,1
834395,46,4,2013-06-13,3324,484,1,0,0,0,1
835510,46,3,2013-06-12,3265,484,1,0,0,0,1
836625,46,2,2013-06-11,3677,513,1,0,0,0,1
837740,46,1,2013-06-10,3883,534,1,0,0,0,1
838855,46,7,2013-06-09,0,0,0,0,0,0,1
839970,46,6,2013-06-08,4290,591,1,0,0,0,1
841085,46,5,2013-06-07,5947,715,1,1,0,0,1
842200,46,4,2013-06-06,5079,632,1,1,0,0,1
843315,46,3,2013-06-05,5401,628,1,1,0,0,1
844430,46,2,2013-06-04,6158,722,1,1,0,0,1
845545,46,1,2013-06-03,7457,810,1,1,0,0,1
846660,46,7,2013-06-02,0,0,0,0,0,0,1
847775,46,6,2013-06-01,5987,811,1,0,0,0,1
848890,46,5,2013-05-31,9243,990,1,1,0,1,1
850005,46,4,2013-05-30,0,0,0,1,a,1,1
851120,46,3,2013-05-29,6989,823,1,1,0,1,1
852235,46,2,2013-05-28,5391,625,1,1,0,1,1
853350,46,1,2013-05-27,7397,788,1,1,0,1,1
854465,46,7,2013-05-26,0,0,0,0,0,0,1
855580,46,6,2013-05-25,4805,648,1,0,0,0,1
856695,46,5,2013-05-24,4086,592,1,0,0,1,1
857810,46,4,2013-05-23,3914,542,1,0,0,1,1
858925,46,3,2013-05-22,3627,512,1,0,0,1,1
860040,46,2,2013-05-21,4613,631,1,0,0,1,1
861155,46,1,2013-05-20,0,0,0,0,a,0,1
862270,46,7,2013-05-19,0,0,0,0,0,0,1
863385,46,6,2013-05-18,5478,735,1,0,0,0,1
864500,46,5,2013-05-17,6209,737,1,1,0,0,1
865615,46,4,2013-05-16,5800,706,1,1,0,0,1
866730,46,3,2013-05-15,4831,611,1,1,0,0,1
867845,46,2,2013-05-14,5849,735,1,1,0,0,1
868960,46,1,2013-05-13,7701,813,1,1,0,0,1
870075,46,7,2013-05-12,0,0,0,0,0,0,1
871190,46,6,2013-05-11,5006,699,1,0,0,0,1
872305,46,5,2013-05-10,5571,727,1,0,0,0,1
873420,46,4,2013-05-09,0,0,0,0,a,0,1
874535,46,3,2013-05-08,4698,656,1,0,0,0,1
875650,46,2,2013-05-07,4462,624,1,0,0,0,1
876765,46,1,2013-05-06,3916,601,1,0,0,0,1
877880,46,7,2013-05-05,0,0,0,0,0,0,1
878995,46,6,2013-05-04,5007,704,1,0,0,0,1
880110,46,5,2013-05-03,6563,790,1,1,0,0,1
881225,46,4,2013-05-02,6718,796,1,1,0,0,1
882340,46,3,2013-05-01,0,0,0,1,a,0,1
883455,46,2,2013-04-30,7673,882,1,1,0,0,1
884570,46,1,2013-04-29,7460,816,1,1,0,0,1
885685,46,7,2013-04-28,0,0,0,0,0,0,1
886800,46,6,2013-04-27,4756,657,1,0,0,0,1
887915,46,5,2013-04-26,5532,665,1,1,0,0,1
889030,46,4,2013-04-25,4131,556,1,1,0,0,1
890145,46,3,2013-04-24,4516,608,1,1,0,0,1
891260,46,2,2013-04-23,5476,655,1,1,0,0,1
892375,46,1,2013-04-22,6507,765,1,1,0,0,1
893490,46,7,2013-04-21,0,0,0,0,0,0,1
894605,46,6,2013-04-20,5006,702,1,0,0,0,1
895720,46,5,2013-04-19,3960,556,1,0,0,0,1
896835,46,4,2013-04-18,3363,491,1,0,0,0,1
897950,46,3,2013-04-17,3447,505,1,0,0,0,1
899065,46,2,2013-04-16,3227,491,1,0,0,0,1
900180,46,1,2013-04-15,3241,487,1,0,0,0,1
901295,46,7,2013-04-14,0,0,0,0,0,0,1
902410,46,6,2013-04-13,4708,661,1,0,0,0,1
903525,46,5,2013-04-12,6073,759,1,1,0,0,1
904640,46,4,2013-04-11,5509,668,1,1,0,0,1
905755,46,3,2013-04-10,5554,676,1,1,0,0,1
906870,46,2,2013-04-09,5714,662,1,1,0,0,1
907985,46,1,2013-04-08,8034,871,1,1,0,0,1
909100,46,7,2013-04-07,0,0,0,0,0,0,1
910215,46,6,2013-04-06,4905,723,1,0,0,0,1
911330,46,5,2013-04-05,4646,614,1,0,0,1,1
912445,46,4,2013-04-04,4177,573,1,0,0,1,1
913560,46,3,2013-04-03,3774,533,1,0,0,1,1
914675,46,2,2013-04-02,4227,613,1,0,0,1,1
915790,46,1,2013-04-01,0,0,0,0,b,1,1
916905,46,7,2013-03-31,0,0,0,0,0,0,1
918020,46,6,2013-03-30,7306,988,1,0,0,0,1
919135,46,5,2013-03-29,0,0,0,1,b,1,1
920250,46,4,2013-03-28,8588,998,1,1,0,1,1
921365,46,3,2013-03-27,6926,801,1,1,0,1,1
922480,46,2,2013-03-26,6389,728,1,1,0,1,1
923595,46,1,2013-03-25,7451,797,1,1,0,1,1
924710,46,7,2013-03-24,0,0,0,0,0,0,1
925825,46,6,2013-03-23,5036,679,1,0,0,0,1
926940,46,5,2013-03-22,6206,759,1,1,0,0,1
928055,46,4,2013-03-21,5593,702,1,1,0,0,1
929170,46,3,2013-03-20,4802,603,1,1,0,0,1
930285,46,2,2013-03-19,5870,692,1,1,0,0,1
931400,46,1,2013-03-18,7641,805,1,1,0,0,1
932515,46,7,2013-03-17,0,0,0,0,0,0,1
933630,46,6,2013-03-16,5103,678,1,0,0,0,1
934745,46,5,2013-03-15,3909,582,1,0,0,0,1
935860,46,4,2013-03-14,3300,507,1,0,0,0,1
936975,46,3,2013-03-13,3456,464,1,0,0,0,1
938090,46,2,2013-03-12,3869,524,1,0,0,0,1
939205,46,1,2013-03-11,3437,507,1,0,0,0,1
940320,46,7,2013-03-10,0,0,0,0,0,0,1
941435,46,6,2013-03-09,4728,686,1,0,0,0,1
942550,46,5,2013-03-08,5633,707,1,1,0,0,1
943665,46,4,2013-03-07,5374,648,1,1,0,0,1
944780,46,3,2013-03-06,5314,655,1,1,0,0,1
945895,46,2,2013-03-05,6207,708,1,1,0,0,1
947010,46,1,2013-03-04,8019,835,1,1,0,0,1
948125,46,7,2013-03-03,0,0,0,0,0,0,1
949240,46,6,2013-03-02,4876,694,1,0,0,0,1
950355,46,5,2013-03-01,4618,625,1,0,0,0,1
951470,46,4,2013-02-28,4696,629,1,0,0,0,1
952585,46,3,2013-02-27,3407,513,1,0,0,0,1
953700,46,2,2013-02-26,3478,508,1,0,0,0,1
954815,46,1,2013-02-25,3107,519,1,0,0,0,1
955930,46,7,2013-02-24,0,0,0,0,0,0,1
957045,46,6,2013-02-23,4388,634,1,0,0,0,1
958160,46,5,2013-02-22,5644,711,1,1,0,0,1
959275,46,4,2013-02-21,5465,710,1,1,0,0,1
960390,46,3,2013-02-20,5278,621,1,1,0,0,1
961505,46,2,2013-02-19,5971,687,1,1,0,0,1
962620,46,1,2013-02-18,7572,822,1,1,0,0,1
963735,46,7,2013-02-17,0,0,0,0,0,0,1
964850,46,6,2013-02-16,4773,654,1,0,0,0,1
965965,46,5,2013-02-15,3812,582,1,0,0,1,1
967080,46,4,2013-02-14,3996,555,1,0,0,1,1
968195,46,3,2013-02-13,3199,475,1,0,0,1,1
969310,46,2,2013-02-12,2946,441,1,0,0,1,1
970425,46,1,2013-02-11,3724,520,1,0,0,1,1
971540,46,7,2013-02-10,0,0,0,0,0,0,1
972655,46,6,2013-02-09,4536,643,1,0,0,0,1
973770,46,5,2013-02-08,5589,704,1,1,0,0,1
974885,46,4,2013-02-07,4997,645,1,1,0,0,1
976000,46,3,2013-02-06,5880,678,1,1,0,0,1
977115,46,2,2013-02-05,6065,702,1,1,0,0,1
978230,46,1,2013-02-04,6178,722,1,1,0,0,1
979345,46,7,2013-02-03,0,0,0,0,0,0,1
980460,46,6,2013-02-02,5527,718,1,0,0,0,1
981575,46,5,2013-02-01,4043,568,1,0,0,0,1
982690,46,4,2013-01-31,3990,582,1,0,0,0,1
983805,46,3,2013-01-30,3806,526,1,0,0,0,1
984920,46,2,2013-01-29,3380,489,1,0,0,0,1
986035,46,1,2013-01-28,3335,523,1,0,0,0,1
987150,46,7,2013-01-27,0,0,0,0,0,0,1
988265,46,6,2013-01-26,4714,658,1,0,0,0,1
989380,46,5,2013-01-25,6414,703,1,1,0,0,1
990495,46,4,2013-01-24,5264,640,1,1,0,0,1
991610,46,3,2013-01-23,4896,630,1,1,0,0,1
992725,46,2,2013-01-22,6180,708,1,1,0,0,1
993840,46,1,2013-01-21,6532,726,1,1,0,0,1
994955,46,7,2013-01-20,0,0,0,0,0,0,1
996070,46,6,2013-01-19,4586,672,1,0,0,0,1
997185,46,5,2013-01-18,3610,501,1,0,0,0,1
998300,46,4,2013-01-17,2272,362,1,0,0,0,1
999415,46,3,2013-01-16,3363,470,1,0,0,0,1
1000530,46,2,2013-01-15,3688,531,1,0,0,0,1
1001645,46,1,2013-01-14,3525,546,1,0,0,0,1
1002760,46,7,2013-01-13,0,0,0,0,0,0,1
1003875,46,6,2013-01-12,4857,684,1,0,0,0,1
1004990,46,5,2013-01-11,5985,738,1,1,0,0,1
1006105,46,4,2013-01-10,5503,665,1,1,0,0,1
1007220,46,3,2013-01-09,5501,631,1,1,0,0,1
1008335,46,2,2013-01-08,5793,666,1,1,0,0,1
1009450,46,1,2013-01-07,7788,825,1,1,0,0,1
1010565,46,7,2013-01-06,0,0,0,0,a,0,1
1011680,46,6,2013-01-05,4848,651,1,0,0,0,1
1012795,46,5,2013-01-04,4125,569,1,0,0,1,1
1013910,46,4,2013-01-03,4177,553,1,0,0,1,1
1015025,46,3,2013-01-02,4016,582,1,0,0,1,1
1016140,46,2,2013-01-01,0,0,0,0,a,1,1
